mean_fit_time,std_fit_time,mean_score_time,std_score_time,param_model__penalty,param_model__loss,param_model__l1_ratio,param_model__alpha,params,split0_test_balanced_accuracy,split1_test_balanced_accuracy,split2_test_balanced_accuracy,mean_test_balanced_accuracy,std_test_balanced_accuracy,rank_test_balanced_accuracy,split0_test_accuracy,split1_test_accuracy,split2_test_accuracy,mean_test_accuracy,std_test_accuracy,rank_test_accuracy,split0_test_f1_macro,split1_test_f1_macro,split2_test_f1_macro,mean_test_f1_macro,std_test_f1_macro,rank_test_f1_macro
0.1191266377766927,0.010120373075227737,0.022007067998250324,0.0037526233584147402,l2,log_loss,0.15,0.0001,"{'model__penalty': 'l2', 'model__loss': 'log_loss', 'model__l1_ratio': 0.15, 'model__alpha': 0.0001}",0.6328248886204032,0.5367067585410134,0.6135965093249711,0.5943760521621292,0.041527045104374306,10,0.789,0.7896666666666666,0.7826666666666666,0.7871111111111112,0.003154459903684104,8,0.6479290385125586,0.5142316276011896,0.6275636416811884,0.5965747692649789,0.05881599601764783,9
0.08176223436991374,0.010171406656382359,0.019321282704671223,0.001433734129240583,l1,log_loss,0.15,0.001,"{'model__penalty': 'l1', 'model__loss': 'log_loss', 'model__l1_ratio': 0.15, 'model__alpha': 0.001}",0.5924068254733512,0.6479204489189636,0.5779470622214887,0.6060914455379346,0.030160905503787357,7,0.8076666666666666,0.8193333333333334,0.7993333333333333,0.8087777777777778,0.008202679477907454,1,0.6049567768854756,0.6732291471562093,0.5841618628074923,0.6207825956163924,0.03804460267625954,3
0.14667081832885742,0.037632334848534496,0.02300294240315755,0.0019427721270805851,elasticnet,hinge,0.15,0.0001,"{'model__penalty': 'elasticnet', 'model__loss': 'hinge', 'model__l1_ratio': 0.15, 'model__alpha': 0.0001}",0.5821750048888914,0.5030197846179237,0.6311401427628321,0.5721116440898824,0.05278674054295057,16,0.8026666666666666,0.7783333333333333,0.8116666666666666,0.7975555555555555,0.014080018237923089,5,0.5902547065337763,0.44639785374414037,0.6534643040632997,0.5633722881137387,0.08664535774072261,17
0.08055480321248372,0.0033623218321858573,0.02425686518351237,0.0015654995192856947,l1,hinge,0.5,0.001,"{'model__penalty': 'l1', 'model__loss': 'hinge', 'model__l1_ratio': 0.5, 'model__alpha': 0.001}",0.506573380808826,0.6357691038125103,0.5,0.5474474948737788,0.06251043799750101,18,0.7816666666666666,0.813,0.7786666666666666,0.791111111111111,0.0155261627067045,6,0.4518937002921281,0.6587391272521849,0.43778110944527737,0.5161379789965301,0.10099870269125927,18
0.14997474352518717,0.03313777297470985,0.02942792574564616,0.01165056454428244,l2,hinge,0.15,0.0001,"{'model__penalty': 'l2', 'model__loss': 'hinge', 'model__l1_ratio': 0.15, 'model__alpha': 0.0001}",0.6037935861616297,0.6078767123287672,0.651739664135996,0.6211366542087976,0.021703703866350305,4,0.801,0.8073333333333333,0.8093333333333333,0.805888888888889,0.003552081636254604,4,0.6198226305938982,0.6256395863468555,0.6727786129932062,0.6394136099779866,0.023711836892322705,1
0.10195080439249675,0.008952025222338041,0.02367115020751953,0.00570661287800906,l1,hinge,0.15,0.001,"{'model__penalty': 'l1', 'model__loss': 'hinge', 'model__l1_ratio': 0.15, 'model__alpha': 0.001}",0.506573380808826,0.6357691038125103,0.5,0.5474474948737788,0.06251043799750101,18,0.7816666666666666,0.813,0.7786666666666666,0.791111111111111,0.0155261627067045,6,0.4518937002921281,0.6587391272521849,0.43778110944527737,0.5161379789965301,0.10099870269125927,18
0.12673823038736978,0.026386225618995666,0.0251924991607666,0.008122933469575582,l2,hinge,0.15,1e-05,"{'model__penalty': 'l2', 'model__loss': 'hinge', 'model__l1_ratio': 0.15, 'model__alpha': 1e-05}",0.5933516884585374,0.625324929856412,0.6206727595312758,0.613116459282075,0.014104261683707374,5,0.7443333333333333,0.6943333333333334,0.7676666666666667,0.7354444444444445,0.030590888662080457,14,0.5992668027986886,0.6065565892761142,0.630222967946114,0.6120154533403056,0.01321414489129379,6
0.1128085454305013,0.005147483917982493,0.01782647768656413,0.0020371631214390297,l1,hinge,0.5,1e-05,"{'model__penalty': 'l1', 'model__loss': 'hinge', 'model__l1_ratio': 0.5, 'model__alpha': 1e-05}",0.5015082956259427,0.6232025705561974,0.6415611074434725,0.5887573245418709,0.06214796190940732,13,0.7796666666666666,0.78,0.7263333333333334,0.762,0.02522050899712519,12,0.44105812798162225,0.6362302875397483,0.6303000273635019,0.5691961476282907,0.09063960155718179,14
0.21505316098531088,0.06385186310459828,0.017394304275512695,0.002050277989119341,l1,log_loss,0.15,1e-06,"{'model__penalty': 'l1', 'model__loss': 'log_loss', 'model__l1_ratio': 0.15, 'model__alpha': 1e-06}",0.5910669787812429,0.6058420325136161,0.545874422346922,0.580927811213927,0.02550987529689543,15,0.713,0.6883333333333334,0.7653333333333333,0.7222222222222222,0.03210438222462302,18,0.5896075214788746,0.592127612146367,0.5423781256744072,0.5747044197665496,0.02288128320326252,13
0.09696340560913086,0.006240146485518284,0.026328563690185547,0.011388074065153256,l1,hinge,0.15,0.0001,"{'model__penalty': 'l1', 'model__loss': 'hinge', 'model__l1_ratio': 0.15, 'model__alpha': 0.0001}",0.506573380808826,0.6215160298729163,0.5016323857072124,0.5432405987963183,0.05538583266997068,20,0.7816666666666666,0.795,0.7753333333333333,0.7839999999999999,0.008196656951781355,11,0.4518937002921281,0.6387503228240679,0.44673315354441023,0.5124590588868688,0.08932625713575792,20
0.24483744303385416,0.06031266489669668,0.017003536224365234,0.0008868902169869589,elasticnet,hinge,0.5,1e-06,"{'model__penalty': 'elasticnet', 'model__loss': 'hinge', 'model__l1_ratio': 0.5, 'model__alpha': 1e-06}",0.5470369445299598,0.6145223015349067,0.6139523848819937,0.5918372103156201,0.03167942615323253,12,0.6713333333333333,0.6993333333333334,0.7756666666666666,0.7154444444444444,0.04409109537489426,19,0.5442881651728932,0.6019267568769875,0.6262073973167283,0.5908074397888696,0.03435519910327465,12
0.14794683456420898,0.036583640808010694,0.017684300740559895,0.0018715161346335833,l2,log_loss,0.15,1e-06,"{'model__penalty': 'l2', 'model__loss': 'log_loss', 'model__l1_ratio': 0.15, 'model__alpha': 1e-06}",0.6305663175707727,0.6437221488694505,0.5891958243934643,0.6211614302778958,0.023232433420528293,2,0.7366666666666667,0.702,0.7446666666666667,0.7277777777777779,0.018517925916444175,16,0.6271312516873491,0.6205379249847904,0.5954450421420217,0.6143714062713871,0.013650969040564242,4
0.10356481870015462,0.02769885617824225,0.018962542215983074,0.001935537427581436,l2,hinge,0.5,1e-06,"{'model__penalty': 'l2', 'model__loss': 'hinge', 'model__l1_ratio': 0.5, 'model__alpha': 1e-06}",0.630314612267342,0.5947712081201518,0.5956428453540188,0.6069095552471709,0.01655369965606806,6,0.7253333333333334,0.7046666666666667,0.633,0.6876666666666668,0.03956522977827133,20,0.6224596205902458,0.5901060419418056,0.5635104228240043,0.5920253617853519,0.02410414654255206,11
0.06882548332214355,0.004126412130098901,0.016351938247680664,0.0003272948448817307,l2,log_loss,0.15,0.001,"{'model__penalty': 'l2', 'model__loss': 'log_loss', 'model__l1_ratio': 0.15, 'model__alpha': 0.001}",0.5886360864084945,0.648134490014854,0.5618011429278759,0.5995239064504081,0.03607649441357425,8,0.806,0.8196666666666667,0.7943333333333333,0.8066666666666666,0.010353027826929909,2,0.5995673676301818,0.673568786176694,0.559235236225863,0.6107904633442462,0.04734630270073952,7
0.09169809023539226,0.0036399555765564387,0.0160370667775472,0.00048379785955888913,l2,log_loss,0.5,0.0001,"{'model__penalty': 'l2', 'model__loss': 'log_loss', 'model__l1_ratio': 0.5, 'model__alpha': 0.0001}",0.6328248886204032,0.5367067585410134,0.6135965093249711,0.5943760521621292,0.041527045104374306,10,0.789,0.7896666666666666,0.7826666666666666,0.7871111111111112,0.003154459903684104,8,0.6479290385125586,0.5142316276011896,0.6275636416811884,0.5965747692649789,0.05881599601764783,9
0.09703874588012695,0.011420464508692886,0.018431345621744793,0.0037315309809991914,l1,hinge,0.15,1e-05,"{'model__penalty': 'l1', 'model__loss': 'hinge', 'model__l1_ratio': 0.15, 'model__alpha': 1e-05}",0.5015082956259427,0.6232025705561974,0.6415611074434725,0.5887573245418709,0.06214796190940732,13,0.7796666666666666,0.78,0.7263333333333334,0.762,0.02522050899712519,12,0.44105812798162225,0.6362302875397483,0.6303000273635019,0.5691961476282907,0.09063960155718179,14
0.20689837137858072,0.029458790142903327,0.02454980214436849,0.012561750332154144,elasticnet,log_loss,0.15,1e-05,"{'model__penalty': 'elasticnet', 'model__loss': 'log_loss', 'model__l1_ratio': 0.15, 'model__alpha': 1e-05}",0.5984283908092713,0.5649318163063212,0.5369362724872091,0.566765493200934,0.025137514225409576,17,0.7783333333333333,0.7933333333333333,0.7866666666666666,0.7861111111111111,0.00613631167621515,10,0.6105827029620505,0.5647823771492965,0.5167910090913759,0.564052029734241,0.03829378117738872,16
0.05415717760721842,0.007051961188062455,0.015736977259318035,0.0003349847121697381,l2,log_loss,0.5,0.001,"{'model__penalty': 'l2', 'model__loss': 'log_loss', 'model__l1_ratio': 0.5, 'model__alpha': 0.001}",0.5886360864084945,0.648134490014854,0.5618011429278759,0.5995239064504081,0.03607649441357425,8,0.806,0.8196666666666667,0.7943333333333333,0.8066666666666666,0.010353027826929909,2,0.5995673676301818,0.673568786176694,0.559235236225863,0.6107904633442462,0.04734630270073952,7
0.14656790097554526,0.015532196996580944,0.019517183303833008,0.00212553460275122,l2,log_loss,0.15,1e-05,"{'model__penalty': 'l2', 'model__loss': 'log_loss', 'model__l1_ratio': 0.15, 'model__alpha': 1e-05}",0.6454614629499474,0.6203865118006272,0.6325404357154646,0.6327961368220131,0.010238402579735982,1,0.722,0.69,0.7886666666666666,0.7335555555555556,0.04110089963270006,15,0.6306431002595831,0.6017844623433686,0.6476209038245915,0.6266828221425144,0.01892102347458673,2
0.13248682022094727,0.016788320067296632,0.015175342559814453,0.0005177591242439721,l2,log_loss,0.5,1e-06,"{'model__penalty': 'l2', 'model__loss': 'log_loss', 'model__l1_ratio': 0.5, 'model__alpha': 1e-06}",0.6305663175707727,0.6437221488694505,0.5891958243934643,0.6211614302778958,0.023232433420528293,2,0.7366666666666667,0.702,0.7446666666666667,0.7277777777777779,0.018517925916444175,16,0.6271312516873491,0.6205379249847904,0.5954450421420217,0.6143714062713871,0.013650969040564242,4
