mean_fit_time,std_fit_time,mean_score_time,std_score_time,param_model__subsample,param_model__reg_lambda,param_model__n_estimators,param_model__max_depth,param_model__learning_rate,param_model__colsample_bytree,params,split0_test_balanced_accuracy,split1_test_balanced_accuracy,split2_test_balanced_accuracy,split3_test_balanced_accuracy,mean_test_balanced_accuracy,std_test_balanced_accuracy,rank_test_balanced_accuracy,split0_test_accuracy,split1_test_accuracy,split2_test_accuracy,split3_test_accuracy,mean_test_accuracy,std_test_accuracy,rank_test_accuracy,split0_test_f1,split1_test_f1,split2_test_f1,split3_test_f1,mean_test_f1,std_test_f1,rank_test_f1
0.5863324403762817,0.08911557408205839,0.02379775047302246,0.006295182572694605,0.6,5.0,200,7,0.05,1.0,"{'model__subsample': 0.6, 'model__reg_lambda': 5.0, 'model__n_estimators': 200, 'model__max_depth': 7, 'model__learning_rate': 0.05, 'model__colsample_bytree': 1.0}",0.6633814467970229,0.6542542536964335,0.6640216800053744,0.6631317620375763,0.6611972856341017,0.004021680463225873,1,0.8212,0.8170666666666667,0.8225333333333333,0.8194666666666667,0.8200666666666666,0.0020450482200237165,17,0.48482520169035725,0.466977466977467,0.4862987263604786,0.4839939024390244,0.48052382436683183,0.007864422742056072,1
0.7142429947853088,0.012818098945599508,0.021153807640075684,0.00010181415512029168,0.8,0.0,300,7,0.05,0.8,"{'model__subsample': 0.8, 'model__reg_lambda': 0.0, 'model__n_estimators': 300, 'model__max_depth': 7, 'model__learning_rate': 0.05, 'model__colsample_bytree': 0.8}",0.6498226201079667,0.6551548525373885,0.6601963794626313,0.658049214367601,0.6558057666188969,0.0038901243636127467,27,0.8145333333333333,0.8181333333333334,0.8196,0.8176,0.8174666666666667,0.001845113667079743,37,0.45812232177639267,0.4688473520249221,0.47861271676300576,0.47425057647963104,0.4699582417609879,0.007659098393167083,27
0.6845176219940186,0.009759636644265539,0.02072387933731079,9.877903214972525e-05,1.0,5.0,300,7,0.05,1.0,"{'model__subsample': 1.0, 'model__reg_lambda': 5.0, 'model__n_estimators': 300, 'model__max_depth': 7, 'model__learning_rate': 0.05, 'model__colsample_bytree': 1.0}",0.6567509464956365,0.6536960619775466,0.6596275068705878,0.6608472935441397,0.6577304522219776,0.002763568900880078,10,0.8182666666666667,0.8165333333333333,0.8210666666666666,0.8189333333333333,0.8187,0.0016230971765252896,32,0.47191011235955055,0.4658385093167702,0.4778210116731518,0.4796934865900383,0.47381577998487767,0.005428115055513562,10
0.26465296745300293,0.0008440440141752459,0.019669532775878906,0.0007734218044601227,0.8,5.0,300,3,0.1,1.0,"{'model__subsample': 0.8, 'model__reg_lambda': 5.0, 'model__n_estimators': 300, 'model__max_depth': 3, 'model__learning_rate': 0.1, 'model__colsample_bytree': 1.0}",0.6587679287743652,0.6526581597381855,0.6624630465008067,0.6613573439361897,0.6588116197373868,0.003797387521935627,3,0.8204,0.8169333333333333,0.8234666666666667,0.8204,0.8203,0.002312045751181333,16,0.47607934655775963,0.46388129636860603,0.4836193447737909,0.48092485549132946,0.4761262107978715,0.007568258936376405,2
0.5716158151626587,0.006974827487555665,0.02174478769302368,0.0030003117205772037,0.8,1.0,200,7,0.01,1.0,"{'model__subsample': 0.8, 'model__reg_lambda': 1.0, 'model__n_estimators': 200, 'model__max_depth': 7, 'model__learning_rate': 0.01, 'model__colsample_bytree': 1.0}",0.6421221749477488,0.6403477568463622,0.651841459929853,0.6494035893306436,0.645928745263652,0.004813318639401831,47,0.818,0.8189333333333333,0.8244,0.8202666666666667,0.8204,0.0024458581770459126,15,0.4426296447529604,0.4388429752066116,0.46310640032613126,0.4577634754625905,0.45058562393707347,0.010117791234901675,47
0.4433665871620178,0.015930574519143117,0.020015299320220947,0.00018421352345401152,0.6,5.0,300,5,0.1,1.0,"{'model__subsample': 0.6, 'model__reg_lambda': 5.0, 'model__n_estimators': 300, 'model__max_depth': 5, 'model__learning_rate': 0.1, 'model__colsample_bytree': 1.0}",0.6567134860419563,0.6481444846602538,0.6605013261310193,0.6588374318475155,0.6560491821701863,0.0047571384378818195,25,0.8172,0.8136,0.8190666666666667,0.8154666666666667,0.8163333333333334,0.0020275875100994314,42,0.47167630057803467,0.4547581903276131,0.47907869481765836,0.47536012130401817,0.47021832675683106,0.009301689086023014,25
0.4465997815132141,0.0026174666700018246,0.02061939239501953,0.0007465758884829424,0.8,1.0,300,5,0.01,0.8,"{'model__subsample': 0.8, 'model__reg_lambda': 1.0, 'model__n_estimators': 300, 'model__max_depth': 5, 'model__learning_rate': 0.01, 'model__colsample_bytree': 0.8}",0.6469550378582776,0.6475542503218967,0.6599039712105578,0.6536301191954486,0.6520108446465451,0.005252283129150338,38,0.8181333333333334,0.8190666666666667,0.8258666666666666,0.8208,0.8209666666666666,0.002986450885062184,9,0.45264847512038525,0.4539235412474849,0.47926634768740034,0.46624305003971406,0.46302035352374615,0.010777823926971056,38
0.2833784222602844,0.001463872207529058,0.019448518753051758,2.539857356116441e-05,0.6,0.0,300,3,0.05,0.8,"{'model__subsample': 0.6, 'model__reg_lambda': 0.0, 'model__n_estimators': 300, 'model__max_depth': 3, 'model__learning_rate': 0.05, 'model__colsample_bytree': 0.8}",0.6574322004487205,0.6525279769218838,0.6612093596646267,0.657353719250308,0.6571308140713847,0.003080631609273236,15,0.82,0.8170666666666667,0.8238666666666666,0.8185333333333333,0.8198666666666666,0.0025315783394729762,20,0.4734789391575663,0.46364347146207974,0.4813506085590891,0.473093302361595,0.47289158038508255,0.006274319851262424,15
0.6501309871673584,0.007980438392174962,0.021047592163085938,0.0005502449520379841,1.0,1.0,300,7,0.05,0.6,"{'model__subsample': 1.0, 'model__reg_lambda': 1.0, 'model__n_estimators': 300, 'model__max_depth': 7, 'model__learning_rate': 0.05, 'model__colsample_bytree': 0.6}",0.6529114047886844,0.6500348444137332,0.6574357607397727,0.6582132973465306,0.6546488268221802,0.0033458900074541326,33,0.818,0.8152,0.8193333333333334,0.8192,0.8179333333333333,0.0016613247725836124,36,0.4644958807375441,0.45859375,0.47337738048970074,0.4748257164988381,0.4678231819315207,0.006635848834252023,32
0.2850528955459595,0.0014409161166385567,0.02129143476486206,0.0036177889863955623,0.8,1.0,300,3,0.05,0.8,"{'model__subsample': 0.8, 'model__reg_lambda': 1.0, 'model__n_estimators': 300, 'model__max_depth': 3, 'model__learning_rate': 0.05, 'model__colsample_bytree': 0.8}",0.6558806875262572,0.6535106172523035,0.6621545395413664,0.6601036571000098,0.6579123753549843,0.0034022383256548457,8,0.8196,0.8189333333333333,0.8246666666666667,0.8208,0.821,0.0022201101073795696,7,0.47045009784735814,0.46577498033044845,0.48330058939096265,0.4786656322730799,0.47454782496046233,0.006843270282465667,7
0.28889769315719604,0.005357936603012289,0.01925790309906006,0.00012700198755478425,0.6,0.0,300,3,0.01,0.6,"{'model__subsample': 0.6, 'model__reg_lambda': 0.0, 'model__n_estimators': 300, 'model__max_depth': 3, 'model__learning_rate': 0.01, 'model__colsample_bytree': 0.6}",0.6458315338383993,0.6436772481612645,0.6502560468447617,0.6503452089163311,0.6475275094401891,0.002875986433550014,44,0.8184,0.8177333333333333,0.8222666666666667,0.8217333333333333,0.8200333333333334,0.0019896956774564604,18,0.45036319612590797,0.4458856911228212,0.45966761248479937,0.4597979797979798,0.4539286198828771,0.006016360434349551,44
0.29161036014556885,0.014573846880696534,0.019609570503234863,0.0003074079376221429,1.0,1.0,300,3,0.01,0.8,"{'model__subsample': 1.0, 'model__reg_lambda': 1.0, 'model__n_estimators': 300, 'model__max_depth': 3, 'model__learning_rate': 0.01, 'model__colsample_bytree': 0.8}",0.6493661288769634,0.645876114874184,0.6597737883942562,0.6516024560435631,0.6516546220472417,0.005112531897258001,39,0.8192,0.8181333333333334,0.826,0.8206666666666667,0.821,0.0030236107921195834,7,0.4576,0.45044319097502017,0.47904191616766467,0.4622151139544182,0.46232505527427575,0.010523430664398531,39
0.7446271777153015,0.009428135319572454,0.02114182710647583,0.00020467241291713677,0.6,1.0,300,7,0.1,1.0,"{'model__subsample': 0.6, 'model__reg_lambda': 1.0, 'model__n_estimators': 300, 'model__max_depth': 7, 'model__learning_rate': 0.1, 'model__colsample_bytree': 1.0}",0.6529915887349914,0.6510495273636231,0.65884455242962,0.6561356353246506,0.6547553259632213,0.0029778658170648512,32,0.8110666666666667,0.8110666666666667,0.8141333333333334,0.8122666666666667,0.8121333333333334,0.0012543258481484496,50,0.4638668180098373,0.4601904761904762,0.4751506024096386,0.46987951807228917,0.46727185367056034,0.0057143409548216706,33
0.20173025131225586,0.003486743953189864,0.018890738487243652,0.0003154855999174497,0.8,0.0,200,3,0.01,1.0,"{'model__subsample': 0.8, 'model__reg_lambda': 0.0, 'model__n_estimators': 200, 'model__max_depth': 3, 'model__learning_rate': 0.01, 'model__colsample_bytree': 1.0}",0.6442354398801513,0.6422077767282659,0.6579583495481371,0.6467285723883021,0.647782534636214,0.00608929085531432,43,0.8182666666666667,0.8181333333333334,0.8265333333333333,0.8201333333333334,0.8207666666666666,0.0034219877264537214,10,0.4470588235294118,0.44281045751633985,0.475614671503426,0.4522939504669103,0.45444447575402197,0.012675766113101422,43
0.26781249046325684,0.0010781819988657214,0.019307971000671387,0.0001336984664194721,0.8,1.0,300,3,0.05,1.0,"{'model__subsample': 0.8, 'model__reg_lambda': 1.0, 'model__n_estimators': 300, 'model__max_depth': 3, 'model__learning_rate': 0.05, 'model__colsample_bytree': 1.0}",0.6561000324141281,0.6527402012276503,0.6623703241381851,0.6604496245131302,0.6579150455732734,0.003753228086015589,7,0.8189333333333333,0.8177333333333333,0.8246666666666667,0.8206666666666667,0.8205,0.0026219161779973995,13,0.47077162899454406,0.46413171305370443,0.48370632116215156,0.47928765001935736,0.4744743283074393,0.007567652054309583,9
0.7702164053916931,0.010081352574207846,0.020818889141082764,0.00013811911309266235,0.6,5.0,300,7,0.05,1.0,"{'model__subsample': 0.6, 'model__reg_lambda': 5.0, 'model__n_estimators': 300, 'model__max_depth': 7, 'model__learning_rate': 0.05, 'model__colsample_bytree': 1.0}",0.6634295881238598,0.6505520153878874,0.6588196303922542,0.6631317620375763,0.6589832489853944,0.005198378672675837,2,0.8202666666666667,0.8153333333333334,0.8188,0.8194666666666667,0.8184666666666667,0.0018820792284657464,33,0.4847094801223242,0.4596176355833008,0.47589664481295796,0.4839939024390244,0.4760544157394019,0.010101215546794872,3
0.4349488615989685,0.012670445105721597,0.01984339952468872,0.00017828891090091153,0.6,1.0,300,5,0.05,0.6,"{'model__subsample': 0.6, 'model__reg_lambda': 1.0, 'model__n_estimators': 300, 'model__max_depth': 5, 'model__learning_rate': 0.05, 'model__colsample_bytree': 0.6}",0.6548499058690005,0.6526100184113486,0.6581170146928568,0.6572716777608432,0.6557121541835123,0.0021553530083533684,29,0.8186666666666667,0.8178666666666666,0.8210666666666666,0.8177333333333333,0.8188333333333334,0.0013379088160259535,31,0.4683346364347146,0.4638932496075353,0.4749608763693271,0.4728114153490166,0.4700000444401484,0.004259700305449381,26
0.4453215003013611,0.016109590638363876,0.01985907554626465,0.00020781998576022858,0.6,1.0,300,5,0.01,0.6,"{'model__subsample': 0.6, 'model__reg_lambda': 1.0, 'model__n_estimators': 300, 'model__max_depth': 5, 'model__learning_rate': 0.01, 'model__colsample_bytree': 0.6}",0.6447151504006257,0.6469068965314406,0.6527117188992323,0.6510032435799439,0.6488342523528107,0.0031788744516205365,41,0.8173333333333334,0.8190666666666667,0.8230666666666666,0.8197333333333333,0.8198,0.0020795298613975974,23,0.44802578565672846,0.4526018555869302,0.4647035094796289,0.4609250398724083,0.45656404764892394,0.006592988242259537,41
0.2649437189102173,0.0008006877648711454,0.019314467906951904,0.00038028500943669335,0.6,0.0,300,3,0.01,1.0,"{'model__subsample': 0.6, 'model__reg_lambda': 0.0, 'model__n_estimators': 300, 'model__max_depth': 3, 'model__learning_rate': 0.01, 'model__colsample_bytree': 1.0}",0.6512190281767626,0.6479037780260695,0.6621438586682097,0.654147290169603,0.6538534887601612,0.00527152712374017,34,0.8197333333333333,0.8182666666666667,0.8266666666666667,0.8209333333333333,0.8213999999999999,0.003183987716335875,1,0.4613545816733068,0.4545818327330932,0.4837172359015091,0.46727489091630303,0.46673213530605306,0.01078582590228672,34
0.47786033153533936,0.004316645988368663,0.01994037628173828,0.0003067545269214404,0.6,0.0,200,7,0.05,0.6,"{'model__subsample': 0.6, 'model__reg_lambda': 0.0, 'model__n_estimators': 200, 'model__max_depth': 7, 'model__learning_rate': 0.05, 'model__colsample_bytree': 0.6}",0.6588535305548822,0.6533429739823218,0.6622954032308248,0.6581312558570658,0.6581557909062736,0.0031932365840528247,5,0.8205333333333333,0.818,0.8225333333333333,0.8184,0.8198666666666666,0.0018159784629168433,20,0.4762645914396887,0.46533490011750883,0.48310679611650487,0.47453703703703703,0.4748108311776848,0.006340439374644594,6
0.44295185804367065,0.0036550706026973498,0.0221593976020813,0.0038298373087546004,0.6,5.0,300,5,0.05,0.8,"{'model__subsample': 0.6, 'model__reg_lambda': 5.0, 'model__n_estimators': 300, 'model__max_depth': 5, 'model__learning_rate': 0.05, 'model__colsample_bytree': 0.8}",0.6575213625202898,0.6521374284729788,0.6612646215735681,0.6596007272900644,0.6576310349642253,0.0034378183427752856,12,0.8194666666666667,0.8174666666666667,0.8216,0.818,0.8191333333333334,0.001601388286595248,29,0.4735614307931571,0.4629266378972146,0.48099301784328935,0.4772117962466488,0.47367322069507745,0.006737998331081759,12
0.4194669723510742,0.0031204587279141417,0.01970130205154419,9.593220832137288e-05,1.0,5.0,300,5,0.1,0.8,"{'model__subsample': 1.0, 'model__reg_lambda': 5.0, 'model__n_estimators': 300, 'model__max_depth': 5, 'model__learning_rate': 0.1, 'model__colsample_bytree': 0.8}",0.6576515453365914,0.6509015430920602,0.6588089495190976,0.6575320433934465,0.656223520335299,0.003112851339206935,23,0.8193333333333334,0.8145333333333333,0.8208,0.8174666666666667,0.8180333333333333,0.002340702648541431,35,0.47378640776699027,0.46022506790842066,0.47622759158222916,0.47325894574836475,0.4708745032515012,0.0062496156228044,22
0.6552190184593201,0.009208814036109302,0.02087414264678955,0.0002749938174739785,1.0,0.0,300,7,0.05,0.6,"{'model__subsample': 1.0, 'model__reg_lambda': 0.0, 'model__n_estimators': 300, 'model__max_depth': 7, 'model__learning_rate': 0.05, 'model__colsample_bytree': 0.6}",0.6551138317926561,0.6508088207294387,0.6602784209520961,0.6586038457954355,0.6562012298174067,0.0036282420441207013,24,0.8177333333333333,0.8157333333333333,0.8204,0.8188,0.8181666666666666,0.0016954186634706157,34,0.46871356393315194,0.46015625,0.47891682785299805,0.4754920879969124,0.4708196824457656,0.007168327282128546,23
0.7278271913528442,0.007589516985519216,0.020814359188079834,0.0001630601272396544,0.8,1.0,300,7,0.1,1.0,"{'model__subsample': 0.8, 'model__reg_lambda': 1.0, 'model__n_estimators': 300, 'model__max_depth': 7, 'model__learning_rate': 0.1, 'model__colsample_bytree': 1.0}",0.6549158486510986,0.6514293949393714,0.6605565880399606,0.6571218359461226,0.6560059168941383,0.003319890253643525,26,0.8144,0.8126666666666666,0.8168,0.8134666666666667,0.8143333333333334,0.001550627113281727,47,0.46788990825688076,0.461066359800537,0.4787556904400607,0.4718761796904492,0.4698970345469819,0.006410970522331332,28
0.43802589178085327,0.0037173216521880215,0.019903063774108887,0.00010754574261685339,0.6,5.0,300,5,0.01,0.6,"{'model__subsample': 0.6, 'model__reg_lambda': 5.0, 'model__n_estimators': 300, 'model__max_depth': 5, 'model__learning_rate': 0.01, 'model__colsample_bytree': 0.6}",0.6424306819071891,0.64445122447697,0.6520608048177239,0.6507838986920729,0.6474316524734889,0.00407919305082443,45,0.8168,0.8182666666666667,0.8237333333333333,0.8204,0.8198000000000001,0.0026068286394689525,22,0.44327390599675853,0.4475070936359951,0.463474025974026,0.460552663195835,0.45370192220065364,0.008508026904559372,45
0.6733723878860474,0.0075565006917762785,0.02142632007598877,0.0010160888741701435,0.8,0.0,300,7,0.1,0.6,"{'model__subsample': 0.8, 'model__reg_lambda': 0.0, 'model__n_estimators': 300, 'model__max_depth': 7, 'model__learning_rate': 0.1, 'model__colsample_bytree': 0.6}",0.6528061440097483,0.6516451795361901,0.657063013746129,0.6521177694745599,0.6534080266916569,0.0021502085312213467,36,0.8134666666666667,0.8126666666666666,0.8164,0.8130666666666667,0.8139000000000001,0.00147082743152735,48,0.46377922575699504,0.46147949405902644,0.4722115753162131,0.4624233128834356,0.46497340200391757,0.004258155617674021,37
0.5057332515716553,0.013112161324182177,0.019710779190063477,9.389046546631484e-05,0.8,1.0,200,7,0.1,0.8,"{'model__subsample': 0.8, 'model__reg_lambda': 1.0, 'model__n_estimators': 200, 'model__max_depth': 7, 'model__learning_rate': 0.1, 'model__colsample_bytree': 0.8}",0.6538262447938483,0.6466036526109472,0.6573162587966278,0.6558645888188905,0.6534026862550786,0.0041165299282729315,37,0.8164,0.8112,0.8174666666666667,0.8145333333333333,0.8149000000000001,0.0023802427513922855,46,0.4660721209771229,0.4515879163439194,0.4728532922603004,0.4696911932901258,0.46505113071786713,0.00813487043223596,36
0.5166117548942566,0.01597079526652756,0.02156543731689453,0.003139464829511515,0.6,1.0,200,7,0.1,1.0,"{'model__subsample': 0.6, 'model__reg_lambda': 1.0, 'model__n_estimators': 200, 'model__max_depth': 7, 'model__learning_rate': 0.1, 'model__colsample_bytree': 1.0}",0.6578405503528868,0.6533678960196875,0.6639057383532818,0.6555257419878746,0.6576599816784326,0.003937609041232265,11,0.8162666666666667,0.8133333333333334,0.82,0.8133333333333334,0.8157333333333333,0.002739018477889859,43,0.47364400305576776,0.4648318042813456,0.48551829268292684,0.46889226100151743,0.4732215902553894,0.007754336265020091,14
0.2970234155654907,0.0027098107291498325,0.01895219087600708,9.885927627844855e-05,1.0,1.0,200,5,0.05,0.6,"{'model__subsample': 1.0, 'model__reg_lambda': 1.0, 'model__n_estimators': 200, 'model__max_depth': 5, 'model__learning_rate': 0.05, 'model__colsample_bytree': 0.6}",0.6531236290944508,0.6515310954272551,0.6575071213560808,0.6588981115906668,0.6552649893671134,0.0030312588440562574,30,0.8186666666666667,0.8178666666666666,0.8221333333333334,0.8202666666666667,0.8197333333333334,0.0016329931618554853,25,0.46498819826907944,0.46178092986603625,0.47397476340694006,0.4763014763014763,0.46926134196088304,0.0060414434405463395,30
0.28158771991729736,0.002159176021710352,0.01940310001373291,0.00014790222138649393,0.8,5.0,300,3,0.05,0.6,"{'model__subsample': 0.8, 'model__reg_lambda': 5.0, 'model__n_estimators': 300, 'model__max_depth': 3, 'model__learning_rate': 0.05, 'model__colsample_bytree': 0.6}",0.6562676756841099,0.653551637997036,0.6624113448829175,0.6591994979680026,0.6578575391330165,0.0033017590274593174,9,0.8198666666666666,0.8193333333333334,0.8250666666666666,0.8204,0.8211666666666666,0.002283029176822345,4,0.4712328767123288,0.4659046117461569,0.4838709677419355,0.47689320388349515,0.47447541502097906,0.006672608885862148,8
0.3031734824180603,0.003029439762245238,0.019008100032806396,0.00014534994407362366,0.8,0.0,200,5,0.05,0.6,"{'model__subsample': 0.8, 'model__reg_lambda': 0.0, 'model__n_estimators': 200, 'model__max_depth': 5, 'model__learning_rate': 0.05, 'model__colsample_bytree': 0.6}",0.6579047903870903,0.6526956201918657,0.6639664180964331,0.6601892588805268,0.6586890218889789,0.00408158990813552,4,0.8204,0.818,0.8248,0.8209333333333333,0.8210333333333333,0.0024392621835300997,6,0.4744440109246976,0.464075382803298,0.48671875,0.4788513775708188,0.47602238032470356,0.008179815850440548,4
0.4182887077331543,0.0031109790364786693,0.019827842712402344,6.047143109547384e-05,1.0,1.0,300,5,0.1,0.8,"{'model__subsample': 1.0, 'model__reg_lambda': 1.0, 'model__n_estimators': 300, 'model__max_depth': 5, 'model__learning_rate': 0.1, 'model__colsample_bytree': 0.8}",0.6565761826435501,0.6502541893016041,0.658644866540168,0.6575766244292311,0.6557629657286383,0.003263535262697429,28,0.8186666666666667,0.8145333333333333,0.8192,0.8172,0.8174,0.0018098495947331042,38,0.4716394716394716,0.45896538311940877,0.4756380510440835,0.4733000384172109,0.4698857360550437,0.0064628996025845875,29
0.19328004121780396,0.0008535203048526052,0.019170939922332764,0.0007478142755312831,1.0,5.0,200,3,0.1,1.0,"{'model__subsample': 1.0, 'model__reg_lambda': 5.0, 'model__n_estimators': 200, 'model__max_depth': 3, 'model__learning_rate': 0.1, 'model__colsample_bytree': 1.0}",0.6528258030081673,0.6509283226725835,0.6631032797091583,0.6611344387572665,0.6569979610367939,0.005211352427902372,16,0.8178666666666666,0.8176,0.8248,0.8217333333333333,0.8205,0.002973026890037977,13,0.46431372549019606,0.4605678233438486,0.48510971786833856,0.48077669902912623,0.4726919914328774,0.01044932077697054,17
0.3183899521827698,0.012890436522320798,0.01908320188522339,0.00017861739921304863,0.6,5.0,200,5,0.05,0.6,"{'model__subsample': 0.6, 'model__reg_lambda': 5.0, 'model__n_estimators': 200, 'model__max_depth': 5, 'model__learning_rate': 0.05, 'model__colsample_bytree': 0.6}",0.6531682101302354,0.6523906735234777,0.663490267867011,0.6609222144515,0.657492841493056,0.004807917335323086,13,0.8184,0.8185333333333333,0.8250666666666666,0.8210666666666666,0.8207666666666666,0.002700411491277224,10,0.46504320502749413,0.4635396137169886,0.48589341692789967,0.48024786986831913,0.4736810263851754,0.009614131848661674,11
0.20912188291549683,0.0022049389386873987,0.020873308181762695,0.0024428618167048,0.6,0.0,200,3,0.01,0.6,"{'model__subsample': 0.6, 'model__reg_lambda': 0.0, 'model__n_estimators': 200, 'model__max_depth': 3, 'model__learning_rate': 0.01, 'model__colsample_bytree': 0.6}",0.6263948214173487,0.6213015928742167,0.6343396882980663,0.6207362805732255,0.6256930957907143,0.005456906078750272,50,0.8133333333333334,0.8134666666666667,0.8206666666666667,0.8142666666666667,0.8154333333333333,0.00304247706099267,44,0.40828402366863903,0.3962019853258524,0.42545920546774885,0.3946110386788353,0.4061390632852689,0.012344124297570976,50
0.2778487205505371,0.001520367098019659,0.019157230854034424,0.00010140365335118307,1.0,0.0,300,3,0.01,0.6,"{'model__subsample': 1.0, 'model__reg_lambda': 0.0, 'model__n_estimators': 300, 'model__max_depth': 3, 'model__learning_rate': 0.01, 'model__colsample_bytree': 0.6}",0.6479447987708018,0.6419991127135517,0.6529685242407834,0.650564553804202,0.6483692473823347,0.004084467230521538,42,0.8186666666666667,0.8168,0.8234666666666667,0.8210666666666666,0.8200000000000001,0.002508651696296914,19,0.454691259021652,0.44237012987012986,0.46526655896607433,0.46017699115044247,0.45562623475207464,0.008518270525844935,42
0.6848735809326172,0.006116400644089486,0.020810067653656006,7.582092706641085e-05,1.0,0.0,300,7,0.1,1.0,"{'model__subsample': 1.0, 'model__reg_lambda': 0.0, 'model__n_estimators': 300, 'model__max_depth': 7, 'model__learning_rate': 0.1, 'model__colsample_bytree': 1.0}",0.6539635481922546,0.6462683660709836,0.6604228449326068,0.6546697241827042,0.6538311208446372,0.005034055988448917,35,0.8149333333333333,0.8093333333333333,0.8176,0.812,0.8134666666666668,0.003101254226563449,49,0.46615384615384614,0.4508448540706605,0.47865853658536583,0.4671201814058957,0.46569435455394204,0.00988460665743717,35
0.3046329617500305,0.0040132784462395136,0.019404470920562744,0.0005217707228642662,1.0,5.0,200,5,0.1,0.8,"{'model__subsample': 1.0, 'model__reg_lambda': 5.0, 'model__n_estimators': 200, 'model__max_depth': 5, 'model__learning_rate': 0.1, 'model__colsample_bytree': 0.8}",0.6556274424757582,0.6503326705000165,0.6607884713441461,0.6608883142888721,0.6569092246521983,0.004352463075607053,19,0.8185333333333333,0.816,0.8218666666666666,0.8193333333333334,0.8189333333333333,0.002093375795747686,30,0.4698091156992598,0.4592476489028213,0.4801556420233463,0.4798464491362764,0.47226471394042596,0.008591033108786532,20
0.575153112411499,0.0036633723488283436,0.020228266716003418,0.00023825887457154388,1.0,0.0,200,7,0.01,1.0,"{'model__subsample': 1.0, 'model__reg_lambda': 0.0, 'model__n_estimators': 200, 'model__max_depth': 7, 'model__learning_rate': 0.01, 'model__colsample_bytree': 1.0}",0.6427213874113681,0.6395363200769766,0.6552940134789523,0.6481195626228882,0.6464178208975463,0.005972884430976761,46,0.8189333333333333,0.8173333333333334,0.8244,0.8182666666666667,0.8197333333333333,0.0027535835237417878,27,0.4438984438984439,0.4371405094494659,0.47002012072434607,0.45501799280287886,0.4515192667187837,0.012443354493620598,46
0.4116675853729248,0.0030635220259352903,0.01989603042602539,5.815971891645172e-05,1.0,0.0,300,5,0.1,0.6,"{'model__subsample': 1.0, 'model__reg_lambda': 0.0, 'model__n_estimators': 300, 'model__max_depth': 5, 'model__learning_rate': 0.1, 'model__colsample_bytree': 0.6}",0.6543915570948396,0.6521070886014031,0.6562266549393776,0.657367960414517,0.6550233152625343,0.0019905328173709185,31,0.8156,0.8150666666666667,0.8194666666666667,0.8158666666666666,0.8165,0.0017368553960150687,40,0.46705202312138727,0.4626113909337466,0.47109375,0.4726995036273387,0.46836416692061816,0.003907106379818454,31
0.4995831847190857,0.007229219826428874,0.02003878355026245,0.00022670675808025934,0.8,0.0,200,7,0.1,1.0,"{'model__subsample': 0.8, 'model__reg_lambda': 0.0, 'model__n_estimators': 200, 'model__max_depth': 7, 'model__learning_rate': 0.1, 'model__colsample_bytree': 1.0}",0.6527580026829115,0.6514258346483192,0.6621491217071565,0.658878452592248,0.6563028529076588,0.0043921476190201866,22,0.8144,0.8133333333333334,0.8176,0.8158666666666666,0.8153,0.0016038148964959077,45,0.4637904468412943,0.4611239414934565,0.4818181818181818,0.47550322825674135,0.4705589496024185,0.0084564798992193,24
0.7702011466026306,0.01060961510273876,0.02483433485031128,0.003413145979274149,1.0,0.0,300,7,0.01,0.8,"{'model__subsample': 1.0, 'model__reg_lambda': 0.0, 'model__n_estimators': 300, 'model__max_depth': 7, 'model__learning_rate': 0.01, 'model__colsample_bytree': 0.8}",0.6466982325167264,0.6479858195155341,0.6552975737700045,0.6519591043298402,0.6504851825330262,0.0033881912873991124,40,0.8177333333333333,0.8190666666666667,0.8237333333333333,0.8185333333333333,0.8197666666666666,0.002338803112705294,24,0.4521042084168337,0.45480112494977903,0.4699278267842823,0.4626924595341492,0.45988140492126106,0.006984387058710839,40
0.21155446767807007,0.006687518181526772,0.018739938735961914,0.00020274405801183588,0.8,0.0,200,3,0.05,0.6,"{'model__subsample': 0.8, 'model__reg_lambda': 0.0, 'model__n_estimators': 200, 'model__max_depth': 3, 'model__learning_rate': 0.05, 'model__colsample_bytree': 0.6}",0.655318935516318,0.6524727150129425,0.6604728438026013,0.6588089495190976,0.6567683609627399,0.0031000243151430296,20,0.8197333333333333,0.8193333333333334,0.8244,0.8208,0.8210666666666666,0.001997776541836234,5,0.46938775510204084,0.4637910565888405,0.48006316620607975,0.47622759158222916,0.4723673923697976,0.006256153901839211,19
0.19471871852874756,0.0009462052534956618,0.018914222717285156,0.00042370224921392573,1.0,1.0,200,3,0.05,1.0,"{'model__subsample': 1.0, 'model__reg_lambda': 1.0, 'model__n_estimators': 200, 'model__max_depth': 3, 'model__learning_rate': 0.05, 'model__colsample_bytree': 1.0}",0.6554045372968351,0.65114054697835,0.6624969466634345,0.6587608081922607,0.6569507097827201,0.0041888495126529545,17,0.8198666666666666,0.8182666666666667,0.8252,0.8217333333333333,0.8212666666666667,0.002581128091014137,2,0.469572045543777,0.4610517991300909,0.48406139315230223,0.4763023893458676,0.47274690679300946,0.008478123981126877,16
0.31104809045791626,0.0026819691146748067,0.019231975078582764,0.00013818350622128202,0.6,0.0,200,5,0.01,0.6,"{'model__subsample': 0.6, 'model__reg_lambda': 0.0, 'model__n_estimators': 200, 'model__max_depth': 5, 'model__learning_rate': 0.01, 'model__colsample_bytree': 0.6}",0.6270831959525373,0.6271206564062175,0.6408917074010402,0.627589686053535,0.6306713114533324,0.0059041221308346655,48,0.8137333333333333,0.8148,0.8221333333333334,0.8158666666666666,0.8166333333333333,0.0032637742296645514,39,0.409801436417406,0.4096897577560561,0.4399664147774979,0.4105847204438754,0.41751058234870886,0.012969466078966431,48
0.2817538380622864,0.0016430038604020383,0.01934438943862915,0.00012845058173062415,0.6,0.0,300,3,0.05,0.6,"{'model__subsample': 0.6, 'model__reg_lambda': 0.0, 'model__n_estimators': 300, 'model__max_depth': 3, 'model__learning_rate': 0.05, 'model__colsample_bytree': 0.6}",0.6575623832650221,0.6523942338145299,0.6595276639258618,0.6604050434773455,0.6574723311206898,0.003107264727474348,14,0.8198666666666666,0.8178666666666666,0.8236,0.8209333333333333,0.8205666666666667,0.0020685475312133728,12,0.4737047136735489,0.4634721131186174,0.47810650887573963,0.4792555253974409,0.4736347152663367,0.006222415664451812,13
0.2762297987937927,0.0016673631582233338,0.020900607109069824,0.002703941918737126,1.0,1.0,300,3,0.05,0.6,"{'model__subsample': 1.0, 'model__reg_lambda': 1.0, 'model__n_estimators': 300, 'model__max_depth': 3, 'model__learning_rate': 0.05, 'model__colsample_bytree': 0.6}",0.6544183366753631,0.6521784492177112,0.6652094240594563,0.6607438903083614,0.6581375250652229,0.005151403750458344,6,0.8186666666666667,0.8178666666666666,0.8264,0.8221333333333334,0.8212666666666667,0.0033698005216267197,2,0.46750195771339076,0.4630503144654088,0.4894117647058824,0.48012470771628996,0.475022186150243,0.01040402860340007,5
0.20629048347473145,0.0011540486870279525,0.018837273120880127,0.00012165766487284923,1.0,0.0,200,3,0.1,0.8,"{'model__subsample': 1.0, 'model__reg_lambda': 0.0, 'model__n_estimators': 200, 'model__max_depth': 3, 'model__learning_rate': 0.1, 'model__colsample_bytree': 0.8}",0.6552814750626379,0.650678637913137,0.6624594862097544,0.6584665423970295,0.6567215353956397,0.004317392521152723,21,0.8186666666666667,0.8158666666666666,0.8241333333333334,0.8202666666666667,0.8197333333333334,0.002988868236194686,25,0.46916471506635443,0.4599139616738365,0.4837573385518591,0.4754863813229572,0.4720805991537518,0.008724606620561822,21
0.3001198172569275,0.012846606200047335,0.01922065019607544,0.0003109877410545476,1.0,1.0,200,5,0.1,0.6,"{'model__subsample': 1.0, 'model__reg_lambda': 1.0, 'model__n_estimators': 200, 'model__max_depth': 5, 'model__learning_rate': 0.1, 'model__colsample_bytree': 0.6}",0.6572164158519018,0.6498600805616468,0.6591032153143288,0.6614839664614391,0.6569159195473291,0.0043452985283747,18,0.82,0.8156,0.8222666666666667,0.8209333333333333,0.8197000000000001,0.002500444404945299,28,0.47306791569086654,0.4582843713278496,0.4770498234601805,0.481266898416377,0.4724172522238184,0.008659368328007922,18
0.5127836465835571,0.0051063910764850215,0.020037949085235596,6.38366302076822e-05,0.6,1.0,200,7,0.01,0.6,"{'model__subsample': 0.6, 'model__reg_lambda': 1.0, 'model__n_estimators': 200, 'model__max_depth': 7, 'model__learning_rate': 0.01, 'model__colsample_bytree': 0.6}",0.6268157097378295,0.6250965535453843,0.6350762041600917,0.6275451050177504,0.628633393115264,0.0038245062474197896,49,0.8153333333333334,0.814,0.8201333333333334,0.8161333333333334,0.8164,0.0022861904265976626,41,0.40887750746905677,0.4051172707889126,0.42717622080679407,0.41043180846515603,0.41290070188247985,0.008465426276051709,49
