mean_fit_time,std_fit_time,mean_score_time,std_score_time,param_model__n_estimators,param_model__min_samples_split,param_model__min_samples_leaf,param_model__max_features,param_model__max_depth,params,split0_test_balanced_accuracy,split1_test_balanced_accuracy,split2_test_balanced_accuracy,split3_test_balanced_accuracy,mean_test_balanced_accuracy,std_test_balanced_accuracy,rank_test_balanced_accuracy,split0_test_accuracy,split1_test_accuracy,split2_test_accuracy,split3_test_accuracy,mean_test_accuracy,std_test_accuracy,rank_test_accuracy,split0_test_f1,split1_test_f1,split2_test_f1,split3_test_f1,mean_test_f1,std_test_f1,rank_test_f1
6.601606905460358,0.20455279308036126,0.2889983654022217,0.09361898966877416,200,2,2,sqrt,10,"{'model__n_estimators': 200, 'model__min_samples_split': 2, 'model__min_samples_leaf': 2, 'model__max_features': 'sqrt', 'model__max_depth': 10}",0.5755452379187627,0.5798834351076425,0.572838988634866,0.5814459478715372,0.5774284023832021,0.0034196814318902175,39,0.8941873838803858,0.894895160576838,0.8934796071839335,0.8953282604848699,0.8944726030315068,0.0007032238751059739,39,0.26081582200247216,0.2729498164014688,0.2531017369727047,0.2773365913255956,0.26605099167556034,0.009618325489984383,39
11.31066244840622,0.16391340256928835,0.4973120093345642,0.05756792272062579,200,2,1,sqrt,,"{'model__n_estimators': 200, 'model__min_samples_split': 2, 'model__min_samples_leaf': 1, 'model__max_features': 'sqrt', 'model__max_depth': None}",0.6700136840935751,0.6564981407184998,0.6633164666445514,0.6724642931854632,0.6655731461605223,0.006218010346259764,9,0.9010882066707954,0.8980801557108732,0.9009997345837388,0.9001946558131304,0.9000906881946344,0.0012118641200420403,11,0.4655831739961759,0.439143135345667,0.45494398441305406,0.4679245283018868,0.456898705514196,0.01135858670294053,9
25.47497147321701,0.5405229268696367,0.4830229878425598,0.08233917725384458,200,5,2,0.5,,"{'model__n_estimators': 200, 'model__min_samples_split': 5, 'model__min_samples_leaf': 2, 'model__max_features': 0.5, 'model__max_depth': None}",0.7151739970088402,0.704233315614342,0.7101241030814464,0.7149266005536035,0.711114504064558,0.004453740315768436,3,0.905511811023622,0.9024152879766434,0.906661948155357,0.9039108122456202,0.9046249648503106,0.0016068978614834533,6,0.5360556038227628,0.5164401578255151,0.532150776053215,0.5327022375215146,0.5293371938057518,0.007594575934580366,3
6.116881489753723,0.42544983084122323,0.4212997555732727,0.04737630273416688,200,5,2,sqrt,10,"{'model__n_estimators': 200, 'model__min_samples_split': 5, 'model__min_samples_leaf': 2, 'model__max_features': 'sqrt', 'model__max_depth': 10}",0.5761513820282743,0.5790769102747565,0.5718827299345479,0.5818241626975584,0.5772337962337843,0.003683546683933986,40,0.8940989117933292,0.8946297443156684,0.8929487746615943,0.8954167403999292,0.8942735427926304,0.000897118565362779,41,0.26247689463955637,0.2706674831598285,0.2503097893432466,0.2783882783882784,0.2654606113827275,0.0104005536148933,40
27.270603477954865,0.579551215090124,0.5629085302352905,0.1265322554377285,200,2,1,0.5,,"{'model__n_estimators': 200, 'model__min_samples_split': 2, 'model__min_samples_leaf': 1, 'model__max_features': 0.5, 'model__max_depth': None}",0.7261747774629588,0.7107506152764382,0.7126824700042564,0.7117152610819217,0.7153307809563938,0.006297930468656934,2,0.9063965318941873,0.9011766787578519,0.9036538971954349,0.8993983365775969,0.9026563611062678,0.002635722835088698,8,0.5509337860780985,0.5224454895254382,0.5295896328293737,0.5204555040067482,0.5308561031099146,0.012079198886045374,2
6.350429117679596,0.5313938954371812,0.4118211269378662,0.09901169969609414,200,5,1,sqrt,10,"{'model__n_estimators': 200, 'model__min_samples_split': 5, 'model__min_samples_leaf': 1, 'model__max_features': 'sqrt', 'model__max_depth': 10}",0.5737042589695005,0.5804394840363105,0.5723107590843062,0.581295647270335,0.5769375373401131,0.003972339325799905,41,0.8938334955321596,0.894718216402725,0.8931257188357073,0.8950628207396921,0.894185062877571,0.0007583734145015844,42,0.2555831265508685,0.27439024390243905,0.25154894671623296,0.27682926829268295,0.2645878963655559,0.011147166582423281,41
7.816047251224518,0.24863410805239455,0.6201029419898987,0.052995200966885994,200,5,1,log2,,"{'model__n_estimators': 200, 'model__min_samples_split': 5, 'model__min_samples_leaf': 1, 'model__max_features': 'log2', 'model__max_depth': None}",0.6347595984564318,0.6375398430997716,0.6302144727853288,0.642232574074018,0.6361866221038875,0.004361413367888476,11,0.8996726532778908,0.8987879324073255,0.8986994603202689,0.8989559370023005,0.8990289957519464,0.00038286346406238465,13,0.40252897787144365,0.4066390041493776,0.3925729442970822,0.4155578300921187,0.4043246891025056,0.008259352205619122,11
6.180155575275421,0.5987361682409358,0.43625062704086304,0.056624395348489814,200,5,4,log2,20,"{'model__n_estimators': 200, 'model__min_samples_split': 5, 'model__min_samples_leaf': 4, 'model__max_features': 'log2', 'model__max_depth': 20}",0.5877533046525161,0.586040064625057,0.5821140391137528,0.5914848607957215,0.5868480672967618,0.003368352704856386,38,0.896045297708573,0.8953375210121207,0.8948066884897815,0.8968324190408777,0.8957554815628382,0.0007613617811807915,37,0.29429429429429427,0.2894894894894895,0.27895694360218315,0.3042959427207637,0.2917591675266827,0.00911929240402362,38
8.906229674816132,0.39044877051020027,0.4576646685600281,0.041428627984532625,200,5,2,sqrt,,"{'model__n_estimators': 200, 'model__min_samples_split': 5, 'model__min_samples_leaf': 2, 'model__max_features': 'sqrt', 'model__max_depth': None}",0.6272629417981912,0.6325128561210324,0.6207074390655839,0.6378295168248751,0.6295781884524205,0.006339307059711888,13,0.8997611253649473,0.8997611253649473,0.8986994603202689,0.9016103344540789,0.8999580113760607,0.0010478132606684236,12,0.3878984332793085,0.3983005841741901,0.37328954570333883,0.4110169491525424,0.39262637807734496,0.01384445979060807,13
6.869010925292969,0.32818686261608865,0.508116602897644,0.07310093142206465,200,2,2,log2,,"{'model__n_estimators': 200, 'model__min_samples_split': 2, 'model__min_samples_leaf': 2, 'model__max_features': 'log2', 'model__max_depth': None}",0.6080641721540215,0.6065513128499368,0.5966114769220981,0.6148212461231085,0.6065120520122913,0.006509122679661404,26,0.897726267362647,0.8973723790144209,0.8955144651862338,0.8992213767474784,0.897458622077695,0.0013196705942184186,27,0.34467120181405897,0.3409090909090909,0.3161551823972206,0.36118900729108244,0.3407311206028632,0.016109452037672615,26
18.90351539850235,0.8826718773953425,0.32902878522872925,0.09159331873160904,200,5,2,0.5,10,"{'model__n_estimators': 200, 'model__min_samples_split': 5, 'model__min_samples_leaf': 2, 'model__max_features': 0.5, 'model__max_depth': 10}",0.6083146480582395,0.6159841368797386,0.5985740945231355,0.624810058846892,0.6119207345770015,0.009666728752744323,19,0.8981686277979297,0.8989648765814385,0.8966646023179686,0.9006370553884269,0.8986087905214409,0.0014330270973069346,21,0.34565093803297325,0.3634336677814939,0.32171893147502906,0.3839824465167307,0.3536964959515567,0.022909315512219305,19
6.266586899757385,0.4498829298590249,0.3937813639640808,0.022657839793457302,200,2,4,sqrt,10,"{'model__n_estimators': 200, 'model__min_samples_split': 2, 'model__min_samples_leaf': 4, 'model__max_features': 'sqrt', 'model__max_depth': 10}",0.5764018579324923,0.5763517627516487,0.5690596991412908,0.5803113033934737,0.5755311558047265,0.004066973084296364,43,0.8945412722286119,0.8944528001415554,0.8925948863133681,0.8950628207396921,0.8941629448558069,0.0009348438220637767,43,0.26328800988875156,0.2631253860407659,0.2421972534332085,0.2741738066095471,0.26069611399306825,0.011580968518362445,43
6.501325905323029,0.09459939983793159,0.4427095651626587,0.03303769829446439,200,5,2,log2,20,"{'model__n_estimators': 200, 'model__min_samples_split': 5, 'model__min_samples_leaf': 2, 'model__max_features': 'log2', 'model__max_depth': 20}",0.5934816241630656,0.590633739657543,0.5858976835000311,0.6007673440678635,0.5926950978471258,0.005390589533755288,34,0.8963107139697426,0.8953375210121207,0.8945412722286119,0.8981596177667669,0.8960872812443105,0.0013506281064281987,33,0.3089622641509434,0.3012404016538689,0.28878281622911695,0.3280793928779918,0.30676621872798027,0.014256677625073646,34
6.235268473625183,0.29638551137741176,0.3428090810775757,0.053826755456289045,200,10,4,sqrt,10,"{'model__n_estimators': 200, 'model__min_samples_split': 10, 'model__min_samples_leaf': 4, 'model__max_features': 'sqrt', 'model__max_depth': 10}",0.5759735479256276,0.578470766165245,0.5723608592847069,0.5807396184198957,0.5768861979488689,0.003109313664185376,42,0.8943643280544988,0.894718216402725,0.8932141909227639,0.8952397805698107,0.8943841289874496,0.0007437911641698707,40,0.2620519159456119,0.269041769041769,0.25170489770613763,0.27539779681762544,0.264549094877786,0.008790445929056596,42
6.506251037120819,0.44824581278325837,0.5041714906692505,0.011437972212669144,200,10,2,log2,20,"{'model__n_estimators': 200, 'model__min_samples_split': 10, 'model__min_samples_leaf': 2, 'model__max_features': 'log2', 'model__max_depth': 20}",0.5910620496644078,0.591440264490429,0.5850644978543633,0.5986758691361543,0.5915606702863386,0.004824143214568731,35,0.8955144651862338,0.8956029372732903,0.8948066884897815,0.8973632985312334,0.8958218473701348,0.0009419427625780467,36,0.3024217365623154,0.30342384887839435,0.28674265146970607,0.32242990654205606,0.30375453586311796,0.012649697510895638,35
19.54912042617798,0.25205796394975566,0.43074363470077515,0.06310251102129956,200,2,1,0.5,10,"{'model__n_estimators': 200, 'model__min_samples_split': 2, 'model__min_samples_leaf': 1, 'model__max_features': 0.5, 'model__max_depth': 10}",0.6077811457502993,0.6137649431044552,0.6008917684196814,0.622490669690364,0.6112321317412,0.007937289022156771,21,0.8989648765814385,0.8985225161461559,0.8972839069273644,0.9000176959830118,0.8986972489094927,0.00098021326018706,18,0.3451834862385321,0.35814213766088415,0.3277359583092067,0.37843784378437845,0.3523748564982504,0.018515749704428413,21
26.24315172433853,0.3759246986117546,0.550128161907196,0.025433166154869954,200,5,1,0.5,20,"{'model__n_estimators': 200, 'model__min_samples_split': 5, 'model__min_samples_leaf': 1, 'model__max_features': 0.5, 'model__max_depth': 20}",0.7002533254939302,0.7001355904509037,0.6899076308323374,0.7046774335357553,0.6987434950782316,0.0054199086708249375,7,0.9063965318941873,0.9044501459789437,0.9045386180660002,0.9043532118209167,0.904934626940012,0.0008465746372424595,5,0.5186533212010919,0.5148247978436657,0.5011558021266759,0.5206208425720621,0.5138136909358739,0.007599404923858813,7
8.161040723323822,0.04369393016307369,0.4586191773414612,0.019872133864330767,200,5,4,sqrt,20,"{'model__n_estimators': 200, 'model__min_samples_split': 5, 'model__min_samples_leaf': 4, 'model__max_features': 'sqrt', 'model__max_depth': 20}",0.6042269267735778,0.5974967036461561,0.593583690434535,0.6053609488265487,0.6001670674202044,0.004845888908485562,30,0.8979032115367601,0.8958683535344599,0.8959568256215165,0.8981596177667669,0.8969720021148758,0.0010637440276854862,29,0.33601841196777904,0.3184713375796178,0.309048178613396,0.3388856978747846,0.3256059065088944,0.012347404135291345,30
8.21083390712738,0.19968226609985829,0.578461229801178,0.04319205479312191,200,5,1,sqrt,20,"{'model__n_estimators': 200, 'model__min_samples_split': 5, 'model__min_samples_leaf': 1, 'model__max_features': 'sqrt', 'model__max_depth': 20}",0.6192427867107868,0.6233305079954485,0.6129713319306792,0.6344756835910854,0.622505077557,0.007834404755063985,16,0.8983455719720428,0.8986109882332124,0.8971954348403078,0.9009024951336047,0.8987636225447919,0.0013446237524040667,16,0.36972024136039494,0.37852494577006507,0.3551609322974473,0.4036208732694356,0.3767567481743357,0.017611781790848272,16
4.703961253166199,0.16904105390912091,0.38143354654312134,0.049022335875490694,200,5,2,log2,10,"{'model__n_estimators': 200, 'model__min_samples_split': 5, 'model__min_samples_leaf': 2, 'model__max_features': 'log2', 'model__max_depth': 10}",0.5667911998000437,0.5713573262724138,0.5637142387571819,0.5726693932494338,0.5686330395197683,0.00358123108151374,50,0.8932141909227639,0.8937450234451031,0.8924179421392551,0.8937356220138029,0.8932781946302313,0.0005411330188678431,50,0.23559214692843572,0.2489055659787367,0.22646310432569974,0.2526446795270691,0.2409013741899853,0.010471674140506542,50
8.288647472858429,0.13045614801298613,0.7080132961273193,0.03372512682515371,200,2,1,log2,,"{'model__n_estimators': 200, 'model__min_samples_split': 2, 'model__min_samples_leaf': 1, 'model__max_features': 'log2', 'model__max_depth': None}",0.6535125134123974,0.6479720318832711,0.6400035899463326,0.6530927967887363,0.6486452330076844,0.005445237292312189,10,0.8997611253649473,0.8969300185791382,0.8974608511014774,0.8972748186161741,0.8978567034154343,0.0011158916526351511,23,0.4365987071108901,0.42298167409608717,0.4095771777890983,0.4322738386308069,0.4253578494067206,0.010354511030019215,10
6.335458159446716,0.13279231929260482,0.5672520399093628,0.07350245590394043,200,5,1,log2,20,"{'model__n_estimators': 200, 'model__min_samples_split': 5, 'model__min_samples_leaf': 1, 'model__max_features': 'log2', 'model__max_depth': 20}",0.6031473794157461,0.6012062101047967,0.5972399068734596,0.6155550889979656,0.604287146347992,0.006845095919141265,29,0.8965761302309121,0.896045297708573,0.896045297708573,0.8987789771721819,0.89686142570506,0.001128109807369219,30,0.33238149628783553,0.3274184315970235,0.3180499129425421,0.36231884057971014,0.3350421703517778,0.016567695446714777,29
8.507135927677155,0.20380994502627878,0.5574186444282532,0.1125878879250566,200,10,2,sqrt,,"{'model__n_estimators': 200, 'model__min_samples_split': 10, 'model__min_samples_leaf': 2, 'model__max_features': 'sqrt', 'model__max_depth': None}",0.6280920132518047,0.6257500824941065,0.61558960702963,0.6370956739500181,0.6266318441813898,0.007653958651082039,14,0.9006458462355127,0.8994072370167212,0.8983455719720428,0.9020527340293754,0.900112847313413,0.0013845934732566211,10,0.3906673901247965,0.38440714672441795,0.3620210993892282,0.41022908897176347,0.38683118130255156,0.017201705508514534,14
19.021640360355377,0.12949463111664244,0.4344629645347595,0.05174939601599002,200,10,1,0.5,10,"{'model__n_estimators': 200, 'model__min_samples_split': 10, 'model__min_samples_leaf': 1, 'model__max_features': 0.5, 'model__max_depth': 10}",0.6077310505694556,0.6151500634867367,0.6028816135672705,0.6207999963618615,0.6116406809963311,0.006859578990921852,20,0.898876404494382,0.8992302928426081,0.8979032115367601,0.8999292160679526,0.8989847812354257,0.0007303717603423396,14,0.3449856733524355,0.3619047619047619,0.3329479768786127,0.3747927031509121,0.3536577788216806,0.015959315979748163,20
6.142190933227539,0.1977359727820091,0.39985227584838867,0.03482472095803753,200,5,4,sqrt,10,"{'model__n_estimators': 200, 'model__min_samples_split': 5, 'model__min_samples_leaf': 4, 'model__max_features': 'sqrt', 'model__max_depth': 10}",0.5764018579324923,0.5763517627516487,0.5690596991412908,0.5803113033934737,0.5755311558047265,0.004066973084296364,43,0.8945412722286119,0.8944528001415554,0.8925948863133681,0.8950628207396921,0.8941629448558069,0.0009348438220637767,43,0.26328800988875156,0.2631253860407659,0.2421972534332085,0.2741738066095471,0.26069611399306825,0.011580968518362445,43
9.012753963470459,0.7225266034571348,0.5631234049797058,0.05926731881254026,200,10,4,sqrt,20,"{'model__n_estimators': 200, 'model__min_samples_split': 10, 'model__min_samples_leaf': 4, 'model__max_features': 'sqrt', 'model__max_depth': 20}",0.6008730885202308,0.5999939218857736,0.5927777323354191,0.6038981897228648,0.5993857331160721,0.004080749276271733,32,0.8971954348403078,0.8962222418826861,0.8956914093603469,0.8978941780215891,0.8967508160262324,0.0008524517070198727,31,0.3275462962962963,0.32469775474956825,0.30687830687830686,0.3352534562211982,0.32359395353634235,0.010394664935255638,32
5.639473795890808,0.23776944238025938,0.4389479160308838,0.028703442958383337,200,2,4,log2,10,"{'model__n_estimators': 200, 'model__min_samples_split': 2, 'model__min_samples_leaf': 4, 'model__max_features': 'log2', 'model__max_depth': 10}",0.5667411046192,0.5707010869820587,0.5665372695504387,0.5710288201213319,0.5687520703182574,0.0021172848831398808,49,0.8931257188357073,0.8937450234451031,0.8927718304874812,0.8937356220138029,0.8933445486955236,0.00041509366975755926,48,0.23544303797468355,0.24702194357366772,0.23484848484848486,0.24796493425172197,0.24131960016213952,0.006186406511271686,49
9.64902538061142,0.6743611168257396,0.5253345370292664,0.08985491867600147,200,2,1,sqrt,20,"{'model__n_estimators': 200, 'model__min_samples_split': 2, 'model__min_samples_leaf': 1, 'model__max_features': 'sqrt', 'model__max_depth': 20}",0.6244927010336281,0.6265340607062647,0.614810876477066,0.6355150543143776,0.6253381731328341,0.007357612649844751,15,0.8983455719720428,0.8990533486684951,0.897549323188534,0.8998407361528933,0.8986972449954913,0.00084790628068391,19,0.3805929919137466,0.38556812062466345,0.35951327433628316,0.40421052631578946,0.3824712282976207,0.015912127783648665,15
6.122924745082855,0.17905799868428116,0.530168354511261,0.05850185464172852,200,5,4,log2,,"{'model__n_estimators': 200, 'model__min_samples_split': 5, 'model__min_samples_leaf': 4, 'model__max_features': 'log2', 'model__max_depth': None}",0.5889655928715392,0.5877583065919043,0.5833251537087781,0.595900651529989,0.5889874261755527,0.004510133754482388,37,0.8958683535344599,0.894895160576838,0.8946297443156684,0.8970978587860555,0.8956227793032555,0.0009684670465760081,38,0.2973134328358209,0.29369797859690844,0.2820976491862568,0.3154796939376104,0.29714718863914913,0.011984303018017924,37
4.627237796783447,0.1661770955413064,0.40826141834259033,0.043058123928799354,200,2,2,log2,10,"{'model__n_estimators': 200, 'model__min_samples_split': 2, 'model__min_samples_leaf': 2, 'model__max_features': 'log2', 'model__max_depth': 10}",0.567297153547868,0.5703729673368811,0.5656038835039694,0.5738040377274973,0.569269510529054,0.0031267621986819697,47,0.8929487746615943,0.8937450234451031,0.8928603025745377,0.8940010617589808,0.8933887906100539,0.0004936323103175928,46,0.23707440100882723,0.2460765850596359,0.2320862396956246,0.25590062111801243,0.24278446172052504,0.00908196648922405,47
8.117446422576904,0.12741596764147486,0.5059978365898132,0.07491118175508982,200,10,1,sqrt,20,"{'model__n_estimators': 200, 'model__min_samples_split': 10, 'model__min_samples_leaf': 1, 'model__max_features': 'sqrt', 'model__max_depth': 20}",0.6155332802521463,0.6173241640205649,0.6081040008967292,0.6296541646075813,0.6176539024442554,0.0077429431979338,17,0.8981686277979297,0.8984340440590993,0.8972839069273644,0.9010794549637232,0.8987415084370293,0.0014153906433392006,17,0.3616195230171936,0.36574585635359114,0.34443817052512704,0.39436619718309857,0.36654243676975257,0.01794177980251066,17
24.037438571453094,0.5783025789594509,0.4841267466545105,0.06649291171215986,200,10,4,0.5,20,"{'model__n_estimators': 200, 'model__min_samples_split': 10, 'model__min_samples_leaf': 4, 'model__max_features': 0.5, 'model__max_depth': 20}",0.6988857497929879,0.6941793416568636,0.6913877641905125,0.6982104147781191,0.6956658176046208,0.003055907795986418,8,0.9074581969388658,0.9043616738918872,0.9065734760683004,0.9056804105468059,0.9060184393614648,0.001144563555284603,1,0.5188592456301748,0.5066179826563213,0.5070028011204482,0.5145719489981785,0.5117629946012807,0.00518115801143113,8
8.331328868865967,0.13513822917608279,0.4640747308731079,0.06028718011069249,200,5,4,sqrt,,"{'model__n_estimators': 200, 'model__min_samples_split': 5, 'model__min_samples_leaf': 4, 'model__max_features': 'sqrt', 'model__max_depth': None}",0.6088706969869075,0.6117962252333897,0.5995848083165576,0.6115676132901203,0.6079548359567438,0.004967509329617393,24,0.8979916836238166,0.8985225161461559,0.8961337697956295,0.8986904972571226,0.8978346167056812,0.0010152939705752495,24,0.346742209631728,0.35380281690140847,0.32373271889400923,0.3534726143421796,0.34443758994233137,0.012281511500435115,24
20.363358080387115,0.2550090133108794,0.3415408730506897,0.08703152648791515,200,10,2,0.5,10,"{'model__n_estimators': 200, 'model__min_samples_split': 10, 'model__min_samples_leaf': 2, 'model__max_features': 0.5, 'model__max_depth': 10}",0.6081092653954768,0.6123748207827853,0.6007915680188798,0.6206221823374434,0.6104744591336464,0.0071753080487512895,22,0.8989648765814385,0.8989648765814385,0.8971069627532513,0.9001946558131304,0.8988078429323146,0.0011029010023389891,15,0.3459335624284078,0.35553047404063204,0.32735685367264317,0.37472283813747226,0.35088593206978885,0.017087373673873835,22
19.314337968826294,0.1354176026946819,0.29401057958602905,0.05795228316406103,200,10,4,0.5,10,"{'model__n_estimators': 200, 'model__min_samples_split': 10, 'model__min_samples_leaf': 4, 'model__max_features': 0.5, 'model__max_depth': 10}",0.607653406828496,0.6121744400594109,0.5986241947235362,0.6207498961614606,0.6098004844432259,0.00798505911726937,23,0.8993187649296647,0.8986109882332124,0.8967530744050252,0.8998407361528933,0.898630890930199,0.0011687051725713764,20,0.34522439585730724,0.3547297297297297,0.3219058686809994,0.37458563535911604,0.34911140740678814,0.018945659342167378,23
29.854677855968475,0.5700411890107482,0.4257521629333496,0.06805204322963654,200,5,1,0.5,,"{'model__n_estimators': 200, 'model__min_samples_split': 5, 'model__min_samples_leaf': 1, 'model__max_features': 0.5, 'model__max_depth': None}",0.7225379128058894,0.7131927363958237,0.7103876687615593,0.7177568450062,0.7159687907423682,0.004615352181456052,1,0.9069273644165265,0.9025922321507565,0.9036538971954349,0.9031144930100867,0.9040719966932012,0.0016907430636923459,7,0.5477214101461737,0.5280754393484783,0.5267275097783573,0.5346366340841479,0.5342902483392893,0.008311662828523317,1
6.605405390262604,0.2780352560682741,0.4235215187072754,0.09632264984526476,200,2,2,log2,20,"{'model__n_estimators': 200, 'model__min_samples_split': 2, 'model__min_samples_leaf': 2, 'model__max_features': 'log2', 'model__max_depth': 20}",0.5929531237945137,0.5904834541150121,0.5868811697469012,0.6043766049496876,0.5936735881515287,0.006545753211546103,33,0.8959568256215165,0.8950721047509511,0.8945412722286119,0.8981596177667669,0.8959324550919615,0.0013817054652956401,35,0.30742049469964666,0.3007075471698113,0.291319857312723,0.33659942363112394,0.30901183070332616,0.016923169629869148,33
25.746986091136932,0.4435117278575163,0.5237047076225281,0.07406912790513442,200,5,4,0.5,,"{'model__n_estimators': 200, 'model__min_samples_split': 5, 'model__min_samples_leaf': 4, 'model__max_features': 0.5, 'model__max_depth': None}",0.7082734805813344,0.6972150641438097,0.700211912865792,0.7059623786150212,0.7029157090514894,0.004410095729477282,4,0.9078120852870919,0.9027691763248695,0.9071043085906396,0.9048840913112723,0.9056424153784683,0.00197959322375792,3,0.531895777178796,0.5078369905956113,0.520109689213894,0.5232815964523282,0.5207810133601574,0.008628286214298479,4
4.7994577288627625,0.2956779726494405,0.3376539349555969,0.06109330844254597,200,10,4,log2,10,"{'model__n_estimators': 200, 'model__min_samples_split': 10, 'model__min_samples_leaf': 4, 'model__max_features': 'log2', 'model__max_depth': 10}",0.5649502208507814,0.5709791114463926,0.5650255537530087,0.5749887824059616,0.5689859171140361,0.0042420082991479,48,0.8928603025745377,0.8936565513580466,0.8924179421392551,0.8943549814192179,0.8933224443727643,0.0007432125473249105,49,0.23013350286077558,0.24780976220275344,0.23037974683544304,0.25930521091811415,0.24190705570427157,0.012339298452182594,48
7.124937951564789,0.20394640212212567,0.5445529818534851,0.07647318651390965,200,5,2,log2,,"{'model__n_estimators': 200, 'model__min_samples_split': 5, 'model__min_samples_leaf': 2, 'model__max_features': 'log2', 'model__max_depth': None}",0.6036758797842982,0.6060729076622284,0.5964339487743439,0.6140874032482514,0.6050675348672804,0.006301672650197715,28,0.8969300185791382,0.8971069627532513,0.8957798814474034,0.8996637763227747,0.8973701597756419,0.0014188603676896388,28,0.33390508862206975,0.33957978421351503,0.3159117305458769,0.3600451467268623,0.337360437527081,0.015744109997187384,28
24.461304485797882,0.271363212769343,0.4440177083015442,0.05490163524922048,200,10,2,0.5,20,"{'model__n_estimators': 200, 'model__min_samples_split': 10, 'model__min_samples_leaf': 2, 'model__max_features': 0.5, 'model__max_depth': 20}",0.7024449707090976,0.6986227311468189,0.6918430208868227,0.7030319337616231,0.6989856641260905,0.004457806994183642,6,0.9073697248518092,0.9040962576307175,0.9062195877200743,0.9055034507166874,0.9057972552298221,0.0011864589508799614,2,0.5234410559854347,0.5121512151215122,0.5069767441860465,0.5206463195691203,0.5158038337155284,0.006577156783083238,6
8.549589335918427,0.17092972377280452,0.523228645324707,0.03602416652851484,200,2,2,sqrt,,"{'model__n_estimators': 200, 'model__min_samples_split': 2, 'model__min_samples_leaf': 2, 'model__max_features': 'sqrt', 'model__max_depth': None}",0.629432040392631,0.6315009486253838,0.6216408251120533,0.6399986053802007,0.6306431048775671,0.006533930741018343,12,0.9001150137131735,0.9002919578872866,0.8986109882332124,0.901964254114316,0.9002455534869971,0.0011879530100284757,9,0.392684238838085,0.3970037453183521,0.3751363140676118,0.41561181434599154,0.3951090281425101,0.014393949301447773,12
6.102908372879028,0.19460252585666984,0.5025998950004578,0.09254181893894912,200,10,4,log2,,"{'model__n_estimators': 200, 'model__min_samples_split': 10, 'model__min_samples_leaf': 4, 'model__max_features': 'log2', 'model__max_depth': None}",0.5900501421687591,0.5911121448452514,0.5852147984555657,0.5950666082543301,0.5903609234309766,0.003510234697477443,36,0.896045297708573,0.8956029372732903,0.8950721047509511,0.8973632985312334,0.896020909566012,0.0008481648321540385,34,0.3001786777843955,0.30260047281323876,0.28725961538461536,0.3136094674556213,0.30091205835946777,0.00936752351708117,36
4.661854028701782,0.277262880641213,0.42745399475097656,0.035869152073297404,200,10,1,log2,10,"{'model__n_estimators': 200, 'model__min_samples_split': 10, 'model__min_samples_leaf': 1, 'model__max_features': 'log2', 'model__max_depth': 10}",0.5666409142575128,0.5717355410984349,0.5661092404006804,0.5761234268840252,0.5701522806601633,0.004087700129522642,45,0.8929487746615943,0.8938334955321596,0.8925948863133681,0.8946204211643957,0.8934993944178794,0.0007889298999445645,45,0.23514538558786346,0.25,0.2335858585858586,0.2625386996904025,0.24531748596603115,0.01182792085395321,45
8.340315759181976,0.1715874404692284,0.5102284550666809,0.03473003099679799,200,10,4,sqrt,,"{'model__n_estimators': 200, 'model__min_samples_split': 10, 'model__min_samples_leaf': 4, 'model__max_features': 'sqrt', 'model__max_depth': None}",0.6088206018060639,0.6055945024745201,0.5992068793672001,0.6121462289177447,0.6064420531413822,0.004776536316029938,27,0.8979032115367601,0.8968415464920817,0.896045297708573,0.899132896832419,0.8974807381424585,0.0011594359955221407,26,0.3465458663646659,0.33825198637911463,0.3227665706051873,0.3552036199095023,0.34069201081461753,0.011959614848222354,27
6.163074016571045,0.3686490980044156,0.5223122239112854,0.09458303993771534,200,10,1,log2,20,"{'model__n_estimators': 200, 'model__min_samples_split': 10, 'model__min_samples_leaf': 1, 'model__max_features': 'log2', 'model__max_depth': 20}",0.5964397029090521,0.5998160877831268,0.5935335902341342,0.6093710113115792,0.599790098059473,0.005961619160148723,31,0.8951605768380076,0.8964876581438556,0.8958683535344599,0.8988674570872413,0.8965960114008911,0.0013929433126700175,32,0.31542461005199307,0.3244803695150115,0.3088667058132707,0.3487179487179487,0.324372408524556,0.015109656655264536,31
8.190074265003204,0.34445017171771647,0.5270155072212219,0.053818875989684455,200,2,4,sqrt,,"{'model__n_estimators': 200, 'model__min_samples_split': 2, 'model__min_samples_leaf': 4, 'model__max_features': 'sqrt', 'model__max_depth': None}",0.6088706969869075,0.6117962252333897,0.5995848083165576,0.6115676132901203,0.6079548359567438,0.004967509329617393,24,0.8979916836238166,0.8985225161461559,0.8961337697956295,0.8986904972571226,0.8978346167056812,0.0010152939705752495,24,0.346742209631728,0.35380281690140847,0.32373271889400923,0.3534726143421796,0.34443758994233137,0.012281511500435115,24
4.712006509304047,0.4395082137007097,0.4204639196395874,0.0666236341525173,200,2,1,log2,10,"{'model__n_estimators': 200, 'model__min_samples_split': 2, 'model__min_samples_leaf': 1, 'model__max_features': 'log2', 'model__max_depth': 10}",0.5684818932067752,0.5717355410984349,0.5661593406010812,0.5719630637977923,0.569584959676021,0.0024099793230743316,46,0.8933026630098204,0.8938334955321596,0.8926833584004247,0.8936471420987436,0.893366664760287,0.00043806458212402737,47,0.24055415617128464,0.25,0.2337334175615919,0.2506234413965087,0.24372775378234632,0.007015163194420417,46
25.079183399677277,0.45457955766200214,0.5352258086204529,0.04550783288999384,200,2,1,0.5,20,"{'model__n_estimators': 200, 'model__min_samples_split': 2, 'model__min_samples_leaf': 1, 'model__max_features': 0.5, 'model__max_depth': 20}",0.7020717578224648,0.703161309059073,0.6980717671170005,0.7028413862520806,0.7015365550626547,0.0020392159942141425,5,0.9061311156330177,0.905157922675396,0.9062195877200743,0.9028490532649088,0.9050894198233492,0.001358891514395598,4,0.5205603253502034,0.5201432408236347,0.5155393053016454,0.5154457193292145,0.5179221477011745,0.0024343310861979052,5
7.3982075452804565,0.5695491913671159,0.3524581789970398,0.14992815488693703,200,5,2,sqrt,20,"{'model__n_estimators': 200, 'model__min_samples_split': 5, 'model__min_samples_leaf': 2, 'model__max_features': 'sqrt', 'model__max_depth': 20}",0.6114230123467569,0.6141707064905924,0.6051535421561187,0.6232470993424064,0.6134985900839686,0.00650832200123851,18,0.8972839069273644,0.8980801557108732,0.8972839069273644,0.9001946558131304,0.8982106563446831,0.0011906944687056782,22,0.35175879396984927,0.3585746102449889,0.3377067883628066,0.3802197802197802,0.35706499319935625,0.015340460800956184,18
